{"number_win":0,"number_lose":0,"playTime":3.955686330795288,"Hour":0,"Min":43,"Sec":18.224260330200197}