{"number_win":0,"number_lose":0,"playTime":3.955686330795288,"Hour":0,"Min":19,"Sec":52.32878494262695}