{"number_win":0,"number_lose":0,"playTime":3.955686330795288,"Hour":0,"Min":6,"Sec":11.741412162780762}